n_train,frac,split,fold,Accuracy,Precision,Recall,F1,ROC-AUC,Dataset,Model
1303,0.05,train,0,0.819646968534152,0.880672268907563,0.7616279069767442,0.8168355416991426,0.9173638684061259,OULAD (week-4 features),Random forest
1303,0.05,validation,0,0.7134529835864396,0.7633868808567604,0.6626961069145846,0.7094867807153966,0.7913462934780494,OULAD (week-4 features),Random forest
2607,0.1,train,0,0.8151131568853088,0.8756302521008403,0.7572674418604651,0.8121590023382697,0.9158308026184043,OULAD (week-4 features),Random forest
2607,0.1,validation,0,0.7136063813468323,0.7648839556004037,0.6606624055781523,0.7089633671083398,0.7961840647475968,OULAD (week-4 features),Random forest
5214,0.2,train,0,0.8099347909474491,0.8745748299319728,0.747184889211769,0.8058765915768854,0.913067463029877,OULAD (week-4 features),Random forest
5214,0.2,validation,0,0.7129927903052615,0.7669045191980972,0.6557234166182452,0.7069694596711041,0.7966074417285414,OULAD (week-4 features),Random forest
10429,0.4,train,0,0.8087064915140474,0.8677980305887283,0.7522702506356702,0.8059149722735675,0.9100574196789659,OULAD (week-4 features),Random forest
10429,0.4,validation,0,0.715293756711152,0.7673634524612273,0.6612434631028472,0.7103620474406991,0.801845551624138,OULAD (week-4 features),Random forest
15644,0.6,train,0,0.8087445666070059,0.8629910406616127,0.7580820922629858,0.807141936315586,0.9061599733673114,OULAD (week-4 features),Random forest
15644,0.6,validation,0,0.7221966559288234,0.7712005320917859,0.6737361998837885,0.7191812684137076,0.8037157184086086,OULAD (week-4 features),Random forest
20859,0.8,train,0,0.8092430126084663,0.8675026123301985,0.7538363751929538,0.8066851285041053,0.9063416069930391,OULAD (week-4 features),Random forest
20859,0.8,validation,0,0.7244976223347139,0.7782285327924273,0.6687972109238814,0.719375,0.8054276381324053,OULAD (week-4 features),Random forest
26074,1.0,train,0,0.8060136534478791,0.8644124539671911,0.7502542496004649,0.8032978144201602,0.9043847095926335,OULAD (week-4 features),Random forest
26074,1.0,validation,0,0.7266451909802117,0.7770360480640854,0.6763509587449158,0.723205964585275,0.8066062765920683,OULAD (week-4 features),Random forest
1303,0.05,train,1,0.8234842670759785,0.8681672025723473,0.7848837209302325,0.8244274809160306,0.9187984496124032,OULAD (week-4 features),Random forest
1303,0.05,validation,1,0.7143295489413931,0.7544311956171447,0.6803254867770997,0.7154645476772616,0.7919796519762972,OULAD (week-4 features),Random forest
2607,0.1,train,1,0.8300728807057921,0.878345498783455,0.7870639534883721,0.8302031429666539,0.9211072251714432,OULAD (week-4 features),Random forest
2607,0.1,validation,1,0.7206198220312979,0.7689243027888446,0.6730601569311246,0.7178056717805672,0.7974135614642183,OULAD (week-4 features),Random forest
5215,0.2,train,1,0.8241610738255034,0.876538146021329,0.7762440973483472,0.8233481024850703,0.9156443469246901,OULAD (week-4 features),Random forest
5215,0.2,validation,1,0.7279840441853329,0.7789297658862876,0.6768381284510316,0.7243041517648888,0.8032364033968027,OULAD (week-4 features),Random forest
10430,0.4,train,1,0.8149568552253116,0.8709811242480813,0.7624841111312874,0.8131293570875291,0.9101777137298821,OULAD (week-4 features),Random forest
10430,0.4,validation,1,0.7301319423135931,0.7810828877005348,0.6791630340017437,0.7265661433234882,0.8031051221685166,OULAD (week-4 features),Random forest
15645,0.6,train,1,0.8102269095557686,0.8688136065802314,0.7544794188861985,0.8076200349899566,0.907162029242575,OULAD (week-4 features),Random forest
15645,0.6,validation,1,0.7252224608775698,0.7781523937963587,0.6707352513804127,0.7204619946933042,0.8034399365241094,OULAD (week-4 features),Random forest
20860,0.8,train,1,0.8090124640460211,0.8667570951585977,0.7542218994007627,0.8065831634139237,0.9053093507087412,OULAD (week-4 features),Random forest
20860,0.8,validation,1,0.7298250997238417,0.780373831775701,0.6794536471955827,0.7264253534255087,0.8036641535283907,OULAD (week-4 features),Random forest
26075,1.0,train,1,0.8101246404602109,0.8661129568106313,0.7574634996731314,0.8081528267524315,0.9048754039647592,OULAD (week-4 features),Random forest
26075,1.0,validation,1,0.7335072108008591,0.7862903225806451,0.6800348735832606,0.729312762973352,0.8064179425738129,OULAD (week-4 features),Random forest
1303,0.05,train,2,0.8204144282425173,0.8673139158576052,0.7790697674418605,0.8208269525267994,0.9116149083002458,OULAD (week-4 features),Random forest
1303,0.05,validation,2,0.7029763731205891,0.7497510786591437,0.6564952048823016,0.7000309885342423,0.7817764088010558,OULAD (week-4 features),Random forest
2607,0.1,train,2,0.8197161488300729,0.8743801652892562,0.7688953488372093,0.8182521268368136,0.9121628402886668,OULAD (week-4 features),Random forest
2607,0.1,validation,2,0.7131021785823872,0.7607036176568205,0.6660854402789886,0.7102572048342113,0.7904661871973979,OULAD (week-4 features),Random forest
5215,0.2,train,2,0.8174496644295302,0.8707286949361878,0.7682528151107882,0.8162871478193747,0.9119774218687066,OULAD (week-4 features),Random forest
5215,0.2,validation,2,0.7210800859159251,0.7675568743818002,0.6765475152571927,0.7191844300278035,0.7973206729116864,OULAD (week-4 features),Random forest
10430,0.4,train,2,0.8151486097794822,0.8666256914566687,0.7681133103323043,0.8144012321909896,0.9092220486024084,OULAD (week-4 features),Random forest
10430,0.4,validation,2,0.7196992942620436,0.7711693548387096,0.6669572798605057,0.7152875175315568,0.7989832221645782,OULAD (week-4 features),Random forest
15645,0.6,train,2,0.810035155001598,0.8652942801878972,0.7582324455205811,0.8082333204284424,0.9075825531433557,OULAD (week-4 features),Random forest
15645,0.6,validation,2,0.7209266646210494,0.7728802153432033,0.6675385062481837,0.7163573990332138,0.7986941201215684,OULAD (week-4 features),Random forest
20860,0.8,train,2,0.8095397890699905,0.8644787245056424,0.7581260214272744,0.8078169593189184,0.9052506060187243,OULAD (week-4 features),Random forest
20860,0.8,validation,2,0.7190856090825407,0.7708613728129206,0.6657948270851497,0.71448619990644,0.797933350125997,OULAD (week-4 features),Random forest
26075,1.0,train,2,0.8080536912751678,0.8624255459960292,0.7572455872739159,0.8064204215818991,0.9042896389818772,OULAD (week-4 features),Random forest
26075,1.0,validation,2,0.722307456274931,0.7733825008380825,0.6704446381865736,0.7182440846824408,0.7985632166809895,OULAD (week-4 features),Random forest
1303,0.05,train,3,0.8089025326170376,0.8701517706576728,0.75,0.8056206088992974,0.9208593306863301,OULAD (week-4 features),Random forest
1303,0.05,validation,3,0.7016871165644172,0.7566826593557231,0.6413011908219576,0.694230466907719,0.7813616451630534,OULAD (week-4 features),Random forest
2607,0.1,train,3,0.8128116609129268,0.8737373737373737,0.7543604651162791,0.8096723868954758,0.9148935918991934,OULAD (week-4 features),Random forest
2607,0.1,validation,3,0.7069018404907975,0.7630494505494505,0.645367412140575,0.6992918961447679,0.7818260541162916,OULAD (week-4 features),Random forest
5214,0.2,train,3,0.8156885308784043,0.8687242798353909,0.7667998547039593,0.8145861470191009,0.9133729182880985,OULAD (week-4 features),Random forest
5214,0.2,validation,3,0.7088957055214724,0.7621309806582965,0.652338077258205,0.7029733959311424,0.7889329269817922,OULAD (week-4 features),Random forest
10429,0.4,train,3,0.8134049285645796,0.8712974551522736,0.7586269524155467,0.8110679611650485,0.9086529724484265,OULAD (week-4 features),Random forest
10429,0.4,validation,3,0.7124233128834356,0.7657627118644068,0.6561138541969213,0.7067104645706241,0.7957055575498502,OULAD (week-4 features),Random forest
15643,0.6,train,3,0.8091158984849454,0.8673540476522223,0.7537232110424991,0.8065561026172584,0.9071641632746548,OULAD (week-4 features),Random forest
15643,0.6,validation,3,0.713036809815951,0.7691780821917809,0.652338077258205,0.705956309916706,0.7979518054889174,OULAD (week-4 features),Random forest
20858,0.8,train,3,0.8092818103365615,0.8693551774837219,0.7517253904831094,0.806272523619363,0.9056855800910483,OULAD (week-4 features),Random forest
20858,0.8,validation,3,0.7170245398773006,0.7725102319236017,0.6578565204763288,0.7105882352941176,0.7992951933390164,OULAD (week-4 features),Random forest
26073,1.0,train,3,0.8094580600621333,0.8660231338936507,0.7560479476934253,0.8073074237840354,0.9051015490413683,OULAD (week-4 features),Random forest
26073,1.0,validation,3,0.717638036809816,0.7715254237288136,0.6610514086552425,0.7120287814797435,0.8007594030306082,OULAD (week-4 features),Random forest
1303,0.05,train,4,0.819646968534152,0.883248730964467,0.7587209302325582,0.8162627052384676,0.9181969653998864,OULAD (week-4 features),Random forest
1303,0.05,validation,4,0.7065050629027309,0.7577597840755735,0.6527172333623946,0.7013270882123341,0.7814414055516092,OULAD (week-4 features),Random forest
2607,0.1,train,4,0.8108937476026084,0.8669991687448046,0.7579941860465116,0.8088406359053897,0.9133167164150908,OULAD (week-4 features),Random forest
2607,0.1,validation,4,0.7120282295182572,0.7627688172043011,0.6596919500145306,0.7074957145083373,0.7878302679166529,OULAD (week-4 features),Random forest
5215,0.2,train,4,0.813614573346117,0.8651086510865109,0.7664366146022521,0.812788906009245,0.9098331692211996,OULAD (week-4 features),Random forest
5215,0.2,validation,4,0.7127953359926358,0.7579743505425847,0.6698634117988956,0.7112002468373959,0.789852093279185,OULAD (week-4 features),Random forest
10430,0.4,train,4,0.8151486097794822,0.8682856554846676,0.7661158525512983,0.8140073316612001,0.9089317416671433,OULAD (week-4 features),Random forest
10430,0.4,validation,4,0.7141761276465174,0.7649429147078576,0.6620168555652427,0.7097678766162954,0.7908213076422581,OULAD (week-4 features),Random forest
15645,0.6,train,4,0.8114413550655162,0.8657024793388429,0.7608958837772397,0.8099226804123711,0.9085459859901868,OULAD (week-4 features),Random forest
15645,0.6,validation,4,0.7187787664927892,0.7719891745602165,0.6631793083405987,0.7134594341097389,0.7941112718912628,OULAD (week-4 features),Random forest
20860,0.8,train,4,0.8106423777564717,0.8679933319441551,0.7564009442527692,0.8083640597710072,0.9072761244059184,OULAD (week-4 features),Random forest
20860,0.8,validation,4,0.713255599877263,0.769732326698696,0.6518453937808777,0.7059008654602675,0.7928925287475195,OULAD (week-4 features),Random forest
26075,1.0,train,4,0.8091658676893576,0.8655301455301455,0.756010750345028,0.8070719602977667,0.9058103516722752,OULAD (week-4 features),Random forest
26075,1.0,validation,4,0.7170911322491562,0.7713217804960925,0.6596919500145306,0.7111528822055138,0.79355309055373,OULAD (week-4 features),Random forest
1303,0.05,train,0,0.7313891020721413,0.7608024691358025,0.7165697674418605,0.7380239520958084,0.8008319152958973,OULAD (week-4 features),Neural network (MLP)
1303,0.05,validation,0,0.7188219052001841,0.7390787518573552,0.7225450319581639,0.7307183781401498,0.7901545307096549,OULAD (week-4 features),Neural network (MLP)
2607,0.1,train,0,0.775987725354814,0.7869565217391304,0.7892441860465116,0.7880986937590712,0.8570088012204107,OULAD (week-4 features),Neural network (MLP)
2607,0.1,validation,0,0.7172879275962571,0.7288863441168051,0.7396862289366647,0.7342465753424657,0.7962873596666766,OULAD (week-4 features),Neural network (MLP)
5214,0.2,train,0,0.738204833141542,0.7839607201309329,0.6959680348710497,0.7373484702713103,0.8181009140337172,OULAD (week-4 features),Neural network (MLP)
5214,0.2,validation,0,0.7235772357723578,0.7631578947368421,0.6908773968622893,0.7252211039951204,0.8029051271103463,OULAD (week-4 features),Neural network (MLP)
10429,0.4,train,0,0.7396682328123502,0.7962216090002122,0.681256810751907,0.7342664187139082,0.8224333633709213,OULAD (week-4 features),Neural network (MLP)
10429,0.4,validation,0,0.7226568492100015,0.7765741367637102,0.6664729808251016,0.7173233270794246,0.8063958155549307,OULAD (week-4 features),Neural network (MLP)
15644,0.6,train,0,0.743416006136538,0.7793865999736738,0.7169148807361666,0.7468466195761857,0.8255813993523653,OULAD (week-4 features),Neural network (MLP)
15644,0.6,validation,0,0.7225034514496088,0.7574897508672344,0.6978500871586287,0.7264479056404053,0.8030943437628469,OULAD (week-4 features),Neural network (MLP)
20859,0.8,train,0,0.7310513447432763,0.7604357466499566,0.7162444383909925,0.7376788553259142,0.8093983217330047,OULAD (week-4 features),Neural network (MLP)
20859,0.8,validation,0,0.7238840312931432,0.751840490797546,0.7120859965136549,0.7314234556848702,0.8063368033753834,OULAD (week-4 features),Neural network (MLP)
26074,1.0,train,0,0.7299992329523664,0.7762444553967471,0.6864739212552666,0.7286044718581342,0.8092353290107164,OULAD (week-4 features),Neural network (MLP)
26074,1.0,validation,0,0.7244976223347139,0.768603133159269,0.6841952353282975,0.7239471257300953,0.806426029790859,OULAD (week-4 features),Neural network (MLP)
1303,0.05,train,1,0.7398311588641596,0.7540029112081513,0.752906976744186,0.7534545454545455,0.8133295519001702,OULAD (week-4 features),Neural network (MLP)
1303,0.05,validation,1,0.7045105860693465,0.7172354459420706,0.7268235977913398,0.7219976905311778,0.783137530686987,OULAD (week-4 features),Neural network (MLP)
2607,0.1,train,1,0.7414652857690832,0.7704160246533128,0.7267441860465116,0.7479431563201197,0.8191363374454499,OULAD (week-4 features),Neural network (MLP)
2607,0.1,validation,1,0.7135624424670144,0.7424522489217499,0.7003777971519907,0.7208015552564677,0.7906541838052421,OULAD (week-4 features),Neural network (MLP)
5215,0.2,train,1,0.7204218600191754,0.7546205269366889,0.6970577551761714,0.7246978851963746,0.8002930412225877,OULAD (week-4 features),Neural network (MLP)
5215,0.2,validation,1,0.7198527155569193,0.752107399313144,0.7000871839581517,0.7251655629139073,0.7961466503877943,OULAD (week-4 features),Neural network (MLP)
10430,0.4,train,1,0.7430488974113135,0.7901868199548348,0.6989286362810968,0.7417614183850453,0.8238256659363716,OULAD (week-4 features),Neural network (MLP)
10430,0.4,validation,1,0.7267566738263271,0.7680878552971576,0.6910781749491427,0.7275508643108459,0.8037450000977525,OULAD (week-4 features),Neural network (MLP)
15645,0.6,train,1,0.7433045701502078,0.7677264698460762,0.736682808716707,0.7518843444952428,0.8224653320240458,OULAD (week-4 features),Neural network (MLP)
15645,0.6,validation,1,0.7241485118134398,0.7469191463781184,0.7221737866899157,0.734338061465721,0.8024450325969401,OULAD (week-4 features),Neural network (MLP)
20860,0.8,train,1,0.7573825503355704,0.803817495151577,0.714999092064645,0.756811301715439,0.8388461497178208,OULAD (week-4 features),Neural network (MLP)
20860,0.8,validation,1,0.7117213869285057,0.7540663630448926,0.6736413833188026,0.7115886415963162,0.792069659897561,OULAD (week-4 features),Neural network (MLP)
26075,1.0,train,1,0.7320038350910835,0.7745201263464809,0.6946320912326578,0.7324040744428276,0.8144045484084805,OULAD (week-4 features),Neural network (MLP)
26075,1.0,validation,1,0.7290579932494631,0.7695526231091084,0.6948561464690497,0.7302993280390959,0.8076737089128714,OULAD (week-4 features),Neural network (MLP)
1303,0.05,train,2,0.6768994627782041,0.6856745479833102,0.7165697674418605,0.7007818052594172,0.744960058612214,OULAD (week-4 features),Neural network (MLP)
1303,0.05,validation,2,0.6747468548634551,0.6803166803166804,0.7242080790467887,0.7015765765765766,0.7487219677979424,OULAD (week-4 features),Neural network (MLP)
2607,0.1,train,2,0.7257383966244726,0.7464578672632364,0.7274709302325582,0.7368421052631579,0.8048497038709312,OULAD (week-4 features),Neural network (MLP)
2607,0.1,validation,2,0.7112611230438785,0.7250938492636443,0.7297297297297297,0.727404403244496,0.7890046210047887,OULAD (week-4 features),Neural network (MLP)
5215,0.2,train,2,0.7261744966442953,0.7572815533980582,0.7083181983290955,0.7319819819819819,0.8039134916108062,OULAD (week-4 features),Neural network (MLP)
5215,0.2,validation,2,0.7138692850567658,0.7402439024390244,0.7056088346410927,0.7225115310221694,0.7915140758505159,OULAD (week-4 features),Neural network (MLP)
10430,0.4,train,2,0.7564717162032598,0.8022000407414952,0.7150898856001453,0.7561443932411674,0.841816027842023,OULAD (week-4 features),Neural network (MLP)
10430,0.4,validation,2,0.7088063823258668,0.7525368248772504,0.6681197326358617,0.707820197044335,0.7891260797526849,OULAD (week-4 features),Neural network (MLP)
15645,0.6,train,2,0.7427932246724193,0.7885558583106267,0.700726392251816,0.742051282051282,0.827888749362706,OULAD (week-4 features),Neural network (MLP)
15645,0.6,validation,2,0.7206198220312979,0.7640156453715776,0.6811973263586166,0.7202335228145644,0.7967787364455672,OULAD (week-4 features),Neural network (MLP)
20860,0.8,train,2,0.7478906999041227,0.7605723082495699,0.7625749046667877,0.7615722899759714,0.8324936591144814,OULAD (week-4 features),Neural network (MLP)
20860,0.8,validation,2,0.7155569193003989,0.730467615451641,0.7308921825050857,0.7306798373038931,0.7948888534398091,OULAD (week-4 features),Neural network (MLP)
26075,1.0,train,2,0.7293959731543624,0.773761931957249,0.6888937313866492,0.7288656624654165,0.8109106880448858,OULAD (week-4 features),Neural network (MLP)
26075,1.0,validation,2,0.7218471923903038,0.7636010362694301,0.6852659110723627,0.7223158217184867,0.7991465209010578,OULAD (week-4 features),Neural network (MLP)
1303,0.05,train,3,0.6983883346124329,0.7191679049034175,0.7034883720930233,0.7112417340191036,0.7793604651162791,OULAD (week-4 features),Neural network (MLP)
1303,0.05,validation,3,0.6769938650306748,0.697372305875406,0.6860296253267499,0.6916544655929722,0.7506620423365395,OULAD (week-4 features),Neural network (MLP)
2607,0.1,train,3,0.7314921365554277,0.7657232704402516,0.7078488372093024,0.7356495468277946,0.8030304819299869,OULAD (week-4 features),Neural network (MLP)
2607,0.1,validation,3,0.7058282208588957,0.7398553004089337,0.6831251815277375,0.7103594080338267,0.7782102717254897,OULAD (week-4 features),Neural network (MLP)
5214,0.2,train,3,0.7353279631760644,0.7554893933755117,0.7373774064656738,0.7463235294117647,0.8150955855774344,OULAD (week-4 features),Neural network (MLP)
5214,0.2,validation,3,0.7171779141104294,0.7403065825067628,0.7153645076967761,0.7276218611521418,0.7905803516689602,OULAD (week-4 features),Neural network (MLP)
10429,0.4,train,3,0.7335314987055327,0.776515919691746,0.6954231747184889,0.7337357478202549,0.8147584682054972,OULAD (week-4 features),Neural network (MLP)
10429,0.4,validation,3,0.7199386503067484,0.7670961347869177,0.6744118501306999,0.717774343122102,0.7994491467948561,OULAD (week-4 features),Neural network (MLP)
15643,0.6,train,3,0.7515182509748769,0.782574974146846,0.7330185252451871,0.7569865582994686,0.8336150116678913,OULAD (week-4 features),Neural network (MLP)
15643,0.6,validation,3,0.713957055214724,0.7482693517935809,0.6906767354051699,0.7183204953934451,0.7945921087668422,OULAD (week-4 features),Neural network (MLP)
20858,0.8,train,3,0.7359286604660082,0.7596716361577656,0.7311115147112242,0.7451180009254974,0.8162811086592588,OULAD (week-4 features),Neural network (MLP)
20858,0.8,validation,3,0.7254601226993865,0.7532945142506895,0.7139122857972698,0.7330748583358186,0.8038474393934517,OULAD (week-4 features),Neural network (MLP)
26073,1.0,train,3,0.7332873087101599,0.7651639025149887,0.7139120958953868,0.7386500300661455,0.8128153899766745,OULAD (week-4 features),Neural network (MLP)
26073,1.0,validation,3,0.7248466257668712,0.7623289850461342,0.6959047342433924,0.7276040085028849,0.8040297104683913,OULAD (week-4 features),Neural network (MLP)
1303,0.05,train,4,0.7674597083653109,0.7877428998505231,0.7659883720930233,0.7767133382461312,0.8470800245793156,OULAD (week-4 features),Neural network (MLP)
1303,0.05,validation,4,0.6991408407486959,0.7127659574468085,0.7204301075268817,0.7165775401069518,0.7747515408307759,OULAD (week-4 features),Neural network (MLP)
2607,0.1,train,4,0.7019562715765247,0.7360126083530338,0.6787790697674418,0.7062381852551984,0.7796949681673059,OULAD (week-4 features),Neural network (MLP)
2607,0.1,validation,4,0.7000613685179503,0.728756157635468,0.6878814298169137,0.7077291074899088,0.7726070289102989,OULAD (week-4 features),Neural network (MLP)
5215,0.2,train,4,0.7307766059443912,0.7367497367497368,0.7624409734834726,0.7493752231345948,0.8105420333124517,OULAD (week-4 features),Neural network (MLP)
5215,0.2,validation,4,0.7068119054924824,0.7159796725014116,0.7369950595757048,0.7263353859372762,0.7877153260067075,OULAD (week-4 features),Neural network (MLP)
10430,0.4,train,4,0.7160115052732502,0.7459887879373671,0.7007445069911022,0.7226591760299625,0.7920202459809521,OULAD (week-4 features),Neural network (MLP)
10430,0.4,validation,4,0.7101871739797484,0.7437185929648241,0.6881720430107527,0.7148679245283018,0.7832409972953234,OULAD (week-4 features),Neural network (MLP)
15645,0.6,train,4,0.734675615212528,0.7847539847539847,0.6854721549636804,0.7317609046849758,0.8157169414476368,OULAD (week-4 features),Neural network (MLP)
15645,0.6,validation,4,0.716017183185026,0.7648234510326449,0.6672478930543446,0.7127114698121992,0.7944580810065625,OULAD (week-4 features),Neural network (MLP)
20860,0.8,train,4,0.7340364333652925,0.7754484982866358,0.6985654621390956,0.7350019105846389,0.8157197148046504,OULAD (week-4 features),Neural network (MLP)
20860,0.8,validation,4,0.7157103405952746,0.7598167539267016,0.6748038360941587,0.7147914422040942,0.7956427288097221,OULAD (week-4 features),Neural network (MLP)
26075,1.0,train,4,0.7288590604026846,0.7568459001303981,0.71671388101983,0.7362333980002984,0.8069429402130859,OULAD (week-4 features),Neural network (MLP)
26075,1.0,validation,4,0.7198527155569193,0.7511664074650077,0.7018308631211857,0.7256610576923077,0.794344744694373,OULAD (week-4 features),Neural network (MLP)
1303,0.05,train,0,0.9148119723714505,0.9543307086614173,0.8808139534883721,0.9160997732426304,0.9795826243146153,OULAD (full-module features),Random forest
1303,0.05,validation,0,0.8547323209081148,0.894903450459006,0.8213248111563045,0.85653688835025,0.9296782542667694,OULAD (full-module features),Random forest
2607,0.1,train,0,0.9152282316839279,0.9543666404405979,0.8815406976744186,0.9165092557612391,0.979817646836567,OULAD (full-module features),Random forest
2607,0.1,validation,0,0.8596410492406811,0.9004754358161648,0.825392213829169,0.8613005911778081,0.933607993327186,OULAD (full-module features),Random forest
5214,0.2,train,0,0.911584196394323,0.9569377990430622,0.8717762440973483,0.9123740733700817,0.9803107924228203,OULAD (full-module features),Random forest
5214,0.2,validation,0,0.8651633686148182,0.9098177166613367,0.826554328878559,0.8661896787943371,0.9365107316245043,OULAD (full-module features),Random forest
10429,0.4,train,0,0.9133186307412025,0.959832134292566,0.8723211042499092,0.9139866793529972,0.9790933296854376,OULAD (full-module features),Random forest
10429,0.4,validation,0,0.8648565730940329,0.9116039858566377,0.8239395700174317,0.8655577598046696,0.9383988381115573,OULAD (full-module features),Random forest
15644,0.6,train,0,0.9133853234466889,0.9592868547099521,0.8729870444363724,0.9141045958795563,0.9798663004262065,OULAD (full-module features),Random forest
15644,0.6,validation,0,0.8686915171038503,0.9152215799614644,0.8280069726902963,0.8694325808419768,0.9407007852113399,OULAD (full-module features),Random forest
20859,0.8,train,0,0.912747495086054,0.960432735650606,0.8706074639062925,0.9133168222518575,0.980659276253929,OULAD (full-module features),Random forest
20859,0.8,validation,0,0.8700720969473845,0.9176054071451561,0.8282975014526438,0.8706672774469385,0.9411756208128499,OULAD (full-module features),Random forest
26074,1.0,train,0,0.9137838459768352,0.960572616762636,0.8725119860525934,0.9144271031594975,0.980186089837802,OULAD (full-module features),Random forest
26074,1.0,validation,0,0.867310937260316,0.914441942746864,0.825973271353864,0.8679590902152343,0.9412642807114018,OULAD (full-module features),Random forest
1303,0.05,train,1,0.9056024558710668,0.9420970266040689,0.875,0.9073097211755841,0.976571658158442,OULAD (full-module features),Random forest
1303,0.05,validation,1,0.8576250383553237,0.8940106616494199,0.8285382156349899,0.8600301659125189,0.9357968680832383,OULAD (full-module features),Random forest
2607,0.1,train,1,0.9117759877253548,0.9547619047619048,0.8742732558139535,0.9127465857359636,0.9784887263143973,OULAD (full-module features),Random forest
2607,0.1,validation,1,0.8668303160478674,0.9057079785556607,0.8346410927056088,0.868723532970357,0.939068604075366,OULAD (full-module features),Random forest
5215,0.2,train,1,0.9096836049856184,0.9564,0.8685070831819833,0.9103369503141062,0.978903156529927,OULAD (full-module features),Random forest
5215,0.2,validation,1,0.8746548020865296,0.9183673469387755,0.8369659982563208,0.875779230652273,0.9438531909413687,OULAD (full-module features),Random forest
10430,0.4,train,1,0.9133269415148609,0.9596564809267026,0.8725258761576176,0.9140194027011603,0.9800168647655093,OULAD (full-module features),Random forest
10430,0.4,validation,1,0.877262964099417,0.9231015700096123,0.8372566114501598,0.878085949405669,0.9471812173018836,OULAD (full-module features),Random forest
15645,0.6,train,1,0.912751677852349,0.9597279637284971,0.8713075060532688,0.9133828288596992,0.9797086808054414,OULAD (full-module features),Random forest
15645,0.6,validation,1,0.8787971770481743,0.9249759538313562,0.8384190642255158,0.8795731707317073,0.9480205671405729,OULAD (full-module features),Random forest
20860,0.8,train,1,0.912464046021093,0.9603206412825651,0.8701652442346105,0.913022768410022,0.9797359313452593,OULAD (full-module features),Random forest
20860,0.8,validation,1,0.8800245474071802,0.9248961329498242,0.8410345829700668,0.8809741248097412,0.948523213685133,OULAD (full-module features),Random forest
26075,1.0,train,1,0.9124832214765101,0.9608378139796164,0.8696883852691218,0.9129937471404606,0.9796964737118588,OULAD (full-module features),Random forest
26075,1.0,validation,1,0.8803313899969316,0.9276759884281581,0.8387096774193549,0.8809523809523809,0.9483368698985083,OULAD (full-module features),Random forest
1303,0.05,train,2,0.8971603990790483,0.9382911392405063,0.8619186046511628,0.8984848484848484,0.9764322178105502,OULAD (full-module features),Random forest
1303,0.05,validation,2,0.8488800245474072,0.8783117683302526,0.8285382156349899,0.8526992672349335,0.9283120435793233,OULAD (full-module features),Random forest
2607,0.1,train,2,0.9071729957805907,0.9536,0.8662790697674418,0.9078446306169079,0.9780494918104018,OULAD (full-module features),Random forest
2607,0.1,validation,2,0.8643755753298558,0.909907021481244,0.8247602441150829,0.8652439024390244,0.9356480197265629,OULAD (full-module features),Random forest
5215,0.2,train,2,0.9081495685522532,0.950832672482157,0.8710497638939338,0.9091943127962085,0.9790658916364188,OULAD (full-module features),Random forest
5215,0.2,validation,2,0.8651426818042345,0.9116323907455013,0.8244696309212438,0.8658629635281551,0.9374205052022784,OULAD (full-module features),Random forest
10430,0.4,train,2,0.9119846596356663,0.9564352496518799,0.8730706373706192,0.9128536168596925,0.9797489288557495,OULAD (full-module features),Random forest
10430,0.4,validation,2,0.8697453206505062,0.9199611147116008,0.8250508573089218,0.8699249272253715,0.9403157757440836,OULAD (full-module features),Random forest
15645,0.6,train,2,0.9140300415468201,0.959224332580688,0.8743341404358353,0.9148141110899993,0.979821139637476,OULAD (full-module features),Random forest
15645,0.6,validation,2,0.8731205891377724,0.9257328990228013,0.8259226968904388,0.8729841806174167,0.9418269265732757,OULAD (full-module features),Random forest
20860,0.8,train,2,0.914333652924257,0.9592832254853161,0.8748865080806246,0.9151431691913197,0.9803376621359899,OULAD (full-module features),Random forest
20860,0.8,validation,2,0.8751150659711568,0.9296696107294733,0.8259226968904388,0.8747306863650354,0.9426533371829902,OULAD (full-module features),Random forest
26075,1.0,train,2,0.9131351869606903,0.9602272727272727,0.8715769593956563,0.9137569965350493,0.9800158649244346,OULAD (full-module features),Random forest
26075,1.0,validation,2,0.8718932187787665,0.9255388634879164,0.8235977913397268,0.8715977241273258,0.9430605923314573,OULAD (full-module features),Random forest
1303,0.05,train,3,0.9017651573292402,0.9416403785488959,0.8677325581395349,0.903177004538578,0.9762738702968424,OULAD (full-module features),Random forest
1303,0.05,validation,3,0.8547546012269939,0.902321083172147,0.8129538193435957,0.8553093964858671,0.9278314622151874,OULAD (full-module features),Random forest
2607,0.1,train,3,0.904487917146145,0.9518845228548516,0.8626453488372093,0.9050705299275639,0.977653354240266,OULAD (full-module features),Random forest
2607,0.1,validation,3,0.8576687116564418,0.9129720853858785,0.807435376125472,0.8569667077681874,0.9327941249624437,OULAD (full-module features),Random forest
5214,0.2,train,3,0.912734944380514,0.9574044585987261,0.8735924446058845,0.9135802469135802,0.9797295492206572,OULAD (full-module features),Random forest
5214,0.2,validation,3,0.8647239263803681,0.9156118143459916,0.8193435957014232,0.8648068669527897,0.9368714845445738,OULAD (full-module features),Random forest
10429,0.4,train,3,0.9136062901524595,0.9628140703517588,0.8699600435888122,0.9140349203320294,0.9803032077207299,OULAD (full-module features),Random forest
10429,0.4,validation,3,0.8696319018404908,0.9210782721662878,0.8237002613999419,0.869671879791475,0.9413653019115997,OULAD (full-module features),Random forest
15643,0.6,train,3,0.9133158601291312,0.9605070046697799,0.8716551640634459,0.9139266218103339,0.9803327752894934,OULAD (full-module features),Random forest
15643,0.6,validation,3,0.8710122699386503,0.9259986902423052,0.8213767063607319,0.870555641065107,0.9424709161533233,OULAD (full-module features),Random forest
20858,0.8,train,3,0.9136062901524595,0.9612379807692307,0.8715038140210679,0.9141741284054106,0.9802402235988896,OULAD (full-module features),Random forest
20858,0.8,validation,3,0.8728527607361963,0.9276832460732984,0.8234098170200407,0.872441914140637,0.9434638734670613,OULAD (full-module features),Random forest
26073,1.0,train,3,0.9138188931078127,0.9616062840654056,0.8715583000363241,0.9143706413627529,0.9800242498478041,OULAD (full-module features),Random forest
26073,1.0,validation,3,0.8730061349693251,0.9277069021916912,0.8237002613999419,0.8726153846153846,0.9444014226394267,OULAD (full-module features),Random forest
1303,0.05,train,4,0.8948580199539524,0.9324960753532182,0.8633720930232558,0.8966037735849056,0.9730880128568727,OULAD (full-module features),Random forest
1303,0.05,validation,4,0.8576250383553237,0.8937637104356001,0.8288288288288288,0.8600723763570567,0.9331331814060068,OULAD (full-module features),Random forest
2607,0.1,train,4,0.8968162639048715,0.9417398244213887,0.8575581395348837,0.897679726131609,0.9748071854986493,OULAD (full-module features),Random forest
2607,0.1,validation,4,0.8660632095734888,0.91101152368758,0.8270851496657948,0.867022086824067,0.93834098495111,OULAD (full-module features),Random forest
5215,0.2,train,4,0.9106423777564717,0.9535898452994843,0.8732292045041773,0.9116420174440653,0.9784780977431607,OULAD (full-module features),Random forest
5215,0.2,validation,4,0.8711261123043879,0.9204655674102813,0.8273757628596339,0.8714416896235078,0.9394788815254917,OULAD (full-module features),Random forest
10430,0.4,train,4,0.9101629913710451,0.959758551307847,0.8661703286725985,0.910566001718049,0.979815507093238,OULAD (full-module features),Random forest
10430,0.4,validation,4,0.8718932187787665,0.923051948051948,0.8262133100842778,0.8719521545775187,0.9423783077320771,OULAD (full-module features),Random forest
15645,0.6,train,4,0.9118568232662192,0.9610076376792175,0.8682808716707022,0.912294091458373,0.9798316724070942,OULAD (full-module features),Random forest
15645,0.6,validation,4,0.873887695612151,0.9253004222150049,0.8279569892473119,0.8739263803680981,0.944033773465457,OULAD (full-module features),Random forest
20860,0.8,train,4,0.9124161073825503,0.9611484790683666,0.8692573088796077,0.912896305125149,0.9802370755134795,OULAD (full-module features),Random forest
20860,0.8,validation,4,0.8760355937404112,0.9289670902574129,0.8285382156349899,0.8758832565284178,0.9455024231775779,OULAD (full-module features),Random forest
26075,1.0,train,4,0.9119463087248322,0.9596858219123187,0.869761022735527,0.9125133363816491,0.9800188511576161,OULAD (full-module features),Random forest
26075,1.0,validation,4,0.877262964099417,0.9299902311950504,0.8299912816041848,0.8771498771498771,0.9454224266305578,OULAD (full-module features),Random forest
1303,0.05,train,0,0.8879508825786646,0.9032738095238095,0.8822674418604651,0.8926470588235295,0.9520230667422954,OULAD (full-module features),Neural network (MLP)
1303,0.05,validation,0,0.8476760239300506,0.8615293770298199,0.8477629285299244,0.8545907160638454,0.923453366309654,OULAD (full-module features),Neural network (MLP)
2607,0.1,train,0,0.8872266973532796,0.8886494252873564,0.8989825581395349,0.8937861271676301,0.9592680841818902,OULAD (full-module features),Neural network (MLP)
2607,0.1,validation,0,0.8571866850743979,0.8579982891360137,0.8742010459035444,0.866023888329256,0.9342959337114771,OULAD (full-module features),Neural network (MLP)
5214,0.2,train,0,0.8958573072497124,0.9211128048780488,0.8779513258263713,0.8990143202529292,0.960717671520249,OULAD (full-module features),Neural network (MLP)
5214,0.2,validation,0,0.8702254947077772,0.8969418960244648,0.8521208599651365,0.8739570917759237,0.938858566595103,OULAD (full-module features),Neural network (MLP)
10429,0.4,train,0,0.8920318343081791,0.9309327036599764,0.8592444605884489,0.8936531922931621,0.9549454995968056,OULAD (full-module features),Neural network (MLP)
10429,0.4,validation,0,0.8759012118423071,0.9146456692913386,0.8436955258570599,0.8777391567175458,0.9408517619714939,OULAD (full-module features),Neural network (MLP)
15644,0.6,train,0,0.8850038353362312,0.9181771103055412,0.8586996004358881,0.8874429080898455,0.9517511558552526,OULAD (full-module features),Neural network (MLP)
15644,0.6,validation,0,0.8763614051234851,0.9123904881101377,0.8471818710052296,0.8785778849050919,0.9421894028477293,OULAD (full-module features),Neural network (MLP)
20859,0.8,train,0,0.8859485114339134,0.936060606060606,0.8414600926178153,0.8862430067422178,0.9530858209249096,OULAD (full-module features),Neural network (MLP)
20859,0.8,validation,0,0.8736002454364167,0.9252761533463287,0.8274259151656014,0.8736196319018404,0.9422389730785492,OULAD (full-module features),Neural network (MLP)
26074,1.0,train,0,0.8834854644473422,0.9158784307644596,0.8581287229405782,0.8860636063606361,0.9509100138434357,OULAD (full-module features),Neural network (MLP)
26074,1.0,validation,0,0.8749808252799509,0.9077926109903757,0.8495061011040093,0.8776827254990245,0.9432061118867148,OULAD (full-module features),Neural network (MLP)
1303,0.05,train,1,0.8541826554105909,0.8661764705882353,0.8561046511627907,0.8611111111111112,0.935795991680847,OULAD (full-module features),Neural network (MLP)
1303,0.05,validation,1,0.8534826633936791,0.8586266589728794,0.8648648648648649,0.8617344722745042,0.9328079061900233,OULAD (full-module features),Neural network (MLP)
2607,0.1,train,1,0.8845416187188339,0.9008202833706189,0.877906976744186,0.889216047110784,0.9568398966618178,OULAD (full-module features),Neural network (MLP)
2607,0.1,validation,1,0.8660632095734888,0.8691776883266245,0.8785236849752979,0.8738256973551091,0.9420090202481933,OULAD (full-module features),Neural network (MLP)
5215,0.2,train,1,0.8659635666347075,0.8580892608089261,0.8939338903014893,0.8756449030421634,0.946515919565481,OULAD (full-module features),Neural network (MLP)
5215,0.2,validation,1,0.8628413623810985,0.8493827160493828,0.8997384481255449,0.8738357324301439,0.9447894433269799,OULAD (full-module features),Neural network (MLP)
10430,0.4,train,1,0.9009587727708533,0.9374266718811107,0.8705284183766115,0.9027398550042369,0.9632962475952069,OULAD (full-module features),Neural network (MLP)
10430,0.4,validation,1,0.873887695612151,0.9065507606333437,0.8485905260098808,0.8766136295406785,0.9433088933020791,OULAD (full-module features),Neural network (MLP)
15645,0.6,train,1,0.881943112815596,0.9235239730550786,0.8464891041162228,0.8833301749731539,0.9498598280986424,OULAD (full-module features),Neural network (MLP)
15645,0.6,validation,1,0.8826327094200676,0.9173424828446662,0.8546934030804999,0.8849104859335039,0.9488828675824807,OULAD (full-module features),Neural network (MLP)
20860,0.8,train,1,0.8879194630872483,0.9180801850424055,0.8648992191755946,0.8906965871902758,0.9536047292827429,OULAD (full-module features),Neural network (MLP)
20860,0.8,validation,1,0.8824792881251918,0.9069059933069669,0.8663179308340598,0.8861474435196195,0.949656671253954,OULAD (full-module features),Neural network (MLP)
26075,1.0,train,1,0.8881687440076702,0.9242981152733245,0.8585022154427253,0.8901860360021089,0.9536226862269899,OULAD (full-module features),Neural network (MLP)
26075,1.0,validation,1,0.8867750843817122,0.9170009256402345,0.8637024120895088,0.8895540257407961,0.9491775419941733,OULAD (full-module features),Neural network (MLP)
1303,0.05,train,2,0.8633921719109747,0.8706395348837209,0.8706395348837209,0.8706395348837209,0.9359330686330118,OULAD (full-module features),Neural network (MLP)
1303,0.05,validation,2,0.8425897514575023,0.8366322832450516,0.8721301947108399,0.8540125213431986,0.9257393092926237,OULAD (full-module features),Neural network (MLP)
2607,0.1,train,2,0.8688147295742232,0.8746376811594203,0.8771802325581395,0.8759071117561683,0.9435501010711655,OULAD (full-module features),Neural network (MLP)
2607,0.1,validation,2,0.8613071494323412,0.8690718649985453,0.8680616099970939,0.8685664437336436,0.9358421081611872,OULAD (full-module features),Neural network (MLP)
5215,0.2,train,2,0.8901246404602109,0.9176245210727969,0.8699600435888122,0.8931568152153645,0.9557125923923773,OULAD (full-module features),Neural network (MLP)
5215,0.2,validation,2,0.8740411169070267,0.903822441430333,0.8520778843359489,0.8771877337322364,0.9400937310191191,OULAD (full-module features),Neural network (MLP)
10430,0.4,train,2,0.886673058485139,0.9175516508978567,0.8629017613945887,0.8893879842784952,0.9554311630635299,OULAD (full-module features),Neural network (MLP)
10430,0.4,validation,2,0.8761890150352869,0.9049815498154982,0.8552746294681779,0.8794262662483191,0.943583828306065,OULAD (full-module features),Neural network (MLP)
15645,0.6,train,2,0.8896772131671461,0.9284028324154209,0.8571428571428571,0.8913508749842629,0.9566845546154843,OULAD (full-module features),Neural network (MLP)
15645,0.6,validation,2,0.877262964099417,0.9153821956590122,0.8456843940714909,0.879154078549849,0.9438721747736604,OULAD (full-module features),Neural network (MLP)
20860,0.8,train,2,0.8928092042186002,0.9386368179092545,0.8527328854185582,0.8936251189343483,0.9572490486412488,OULAD (full-module features),Neural network (MLP)
20860,0.8,validation,2,0.877262964099417,0.9217502395400831,0.8387096774193549,0.8782714546561169,0.9440538906608706,OULAD (full-module features),Neural network (MLP)
26075,1.0,train,2,0.8871332694151486,0.9325447570332481,0.8475339580155444,0.8880094371931961,0.9526138469531652,OULAD (full-module features),Neural network (MLP)
26075,1.0,validation,2,0.8827861307149433,0.9250555731978406,0.8465562336530078,0.8840667678300456,0.9445029857979212,OULAD (full-module features),Neural network (MLP)
1303,0.05,train,3,0.88871834228703,0.905829596412556,0.8808139534883721,0.8931466470154753,0.955225467952354,OULAD (full-module features),Neural network (MLP)
1303,0.05,validation,3,0.8576687116564418,0.8662976988057093,0.8637815858263143,0.8650378126817917,0.9318953237322132,OULAD (full-module features),Neural network (MLP)
2607,0.1,train,3,0.8764863828154967,0.8998482549317147,0.8619186046511628,0.8804751299183371,0.9470397719758941,OULAD (full-module features),Neural network (MLP)
2607,0.1,validation,3,0.8622699386503068,0.8806461262339216,0.8550682544292768,0.8676687297376953,0.934519895062455,OULAD (full-module features),Neural network (MLP)
5214,0.2,train,3,0.898542385884158,0.9177310293012773,0.8873955684707592,0.9023084025854109,0.9599948812812973,OULAD (full-module features),Neural network (MLP)
5214,0.2,validation,3,0.8653374233128834,0.8831789662384225,0.8585535869880918,0.8706921944035346,0.939504456768482,OULAD (full-module features),Neural network (MLP)
10429,0.4,train,3,0.8988397737079298,0.9395615247876753,0.8639665819106429,0.9001797710284796,0.9583578389434857,OULAD (full-module features),Neural network (MLP)
10429,0.4,validation,3,0.872239263803681,0.9108942065491183,0.8402555910543131,0.8741501737422571,0.9433937873597887,OULAD (full-module features),Neural network (MLP)
15643,0.6,train,3,0.8908137825225341,0.9269977838612958,0.8610001210800339,0.89278091650973,0.9544585754770034,OULAD (full-module features),Neural network (MLP)
15643,0.6,validation,3,0.8745398773006134,0.9118293065578914,0.8440313679930294,0.8766214177978884,0.9446485410621052,OULAD (full-module features),Neural network (MLP)
20858,0.8,train,3,0.8917921181321316,0.9415027735753908,0.8477115873592445,0.8921488985521097,0.9552763483914543,OULAD (full-module features),Neural network (MLP)
20858,0.8,validation,3,0.875920245398773,0.9275974025974026,0.8297995933778681,0.8759773110531964,0.9452510456044874,OULAD (full-module features),Neural network (MLP)
26073,1.0,train,3,0.8824070877919687,0.917505658315773,0.8540501271340356,0.8846414327639401,0.9485869523258286,OULAD (full-module features),Neural network (MLP)
26073,1.0,validation,3,0.875920245398773,0.9102803738317757,0.8486784780714494,0.878400721479032,0.945061034380327,OULAD (full-module features),Neural network (MLP)
1303,0.05,train,4,0.866462010744436,0.8746355685131195,0.872093023255814,0.8733624454148472,0.9428625449045188,OULAD (full-module features),Neural network (MLP)
1303,0.05,validation,4,0.8504142374961645,0.8463483146067415,0.8756175530369079,0.8607341808313098,0.9310515711387948,OULAD (full-module features),Neural network (MLP)
2607,0.1,train,4,0.9179133103183736,0.9567610062893082,0.8844476744186046,0.9191842900302115,0.9748668127633047,OULAD (full-module features),Neural network (MLP)
2607,0.1,validation,4,0.8637618901503529,0.8955686396033468,0.8398721301947109,0.8668266346730654,0.931004631016163,OULAD (full-module features),Neural network (MLP)
5215,0.2,train,4,0.8517737296260787,0.8378839590443686,0.891754449691246,0.8639802920992433,0.9327546966709088,OULAD (full-module features),Neural network (MLP)
5215,0.2,validation,4,0.8508745013807917,0.8324804740102343,0.8982853821563499,0.8641319541515237,0.935276087728728,OULAD (full-module features),Neural network (MLP)
10430,0.4,train,4,0.8916586768935763,0.9194939620471535,0.8710731795896132,0.8946288698246923,0.95600620723109,OULAD (full-module features),Neural network (MLP)
10430,0.4,validation,4,0.875575329855784,0.9066171923314781,0.8520778843359489,0.878501872659176,0.9417046178030378,OULAD (full-module features),Neural network (MLP)
15645,0.6,train,4,0.8877596676254395,0.9188562596599691,0.863680387409201,0.8904143784323515,0.9541983045929432,OULAD (full-module features),Neural network (MLP)
15645,0.6,validation,4,0.8809450751764345,0.910378811210348,0.8590526009880849,0.8839712918660287,0.9437247431208873,OULAD (full-module features),Neural network (MLP)
20860,0.8,train,4,0.8929050814956855,0.9213051823416507,0.8716179408026149,0.8957730708220584,0.9576759516197157,OULAD (full-module features),Neural network (MLP)
20860,0.8,validation,4,0.8758821724455355,0.9044253226797787,0.8552746294681779,0.8791635548917103,0.9427957631486414,OULAD (full-module features),Neural network (MLP)
26075,1.0,train,4,0.8809587727708533,0.9142257788827597,0.8547250671896565,0.883474735340491,0.9479736359990434,OULAD (full-module features),Neural network (MLP)
26075,1.0,validation,4,0.8777232279840442,0.9110696517412935,0.8514966579482709,0.8802764007811327,0.94436055983227,OULAD (full-module features),Neural network (MLP)
41,0.05,train,0,0.9512195121951219,1.0,0.7777777777777778,0.875,0.9930555555555556,Student Performance,Random forest
41,0.05,validation,0,0.7942583732057417,0.6,0.1956521739130435,0.29508196721311475,0.7328620965590824,Student Performance,Random forest
83,0.1,train,0,0.927710843373494,0.8333333333333334,0.8333333333333334,0.8333333333333334,0.9863247863247864,Student Performance,Random forest
83,0.1,validation,0,0.8086124401913876,0.65,0.2826086956521739,0.3939393939393939,0.7365964257135236,Student Performance,Random forest
167,0.2,train,0,0.9461077844311377,0.868421052631579,0.8918918918918919,0.88,0.9871101871101872,Student Performance,Random forest
167,0.2,validation,0,0.8038277511961722,0.5714285714285714,0.43478260869565216,0.49382716049382713,0.7936783142171245,Student Performance,Random forest
334,0.4,train,0,0.9281437125748503,0.7840909090909091,0.9324324324324325,0.8518518518518519,0.9783783783783784,Student Performance,Random forest
334,0.4,validation,0,0.7607655502392344,0.46296296296296297,0.5434782608695652,0.5,0.7974126433715658,Student Performance,Random forest
501,0.6,train,0,0.9341317365269461,0.7984496124031008,0.9363636363636364,0.8619246861924686,0.9814926761218321,Student Performance,Random forest
501,0.6,validation,0,0.7751196172248804,0.4909090909090909,0.5869565217391305,0.5346534653465347,0.8027473993064818,Student Performance,Random forest
668,0.8,train,0,0.9146706586826348,0.7445652173913043,0.9319727891156463,0.8277945619335347,0.9767062295167587,Student Performance,Random forest
668,0.8,validation,0,0.7894736842105263,0.5185185185185185,0.6086956521739131,0.56,0.8234195785542812,Student Performance,Random forest
835,1.0,train,0,0.9245508982035928,0.776255707762557,0.9239130434782609,0.8436724565756824,0.9765995458491952,Student Performance,Random forest
835,1.0,validation,0,0.7990430622009569,0.5370370370370371,0.6304347826086957,0.58,0.8378234195785542,Student Performance,Random forest
41,0.05,train,1,0.9512195121951219,0.8181818181818182,1.0,0.9,0.9791666666666666,Student Performance,Random forest
41,0.05,validation,1,0.7177033492822966,0.21739130434782608,0.10869565217391304,0.14492753623188406,0.6102960789543879,Student Performance,Random forest
83,0.1,train,1,0.9759036144578314,0.9,1.0,0.9473684210526315,0.9905982905982906,Student Performance,Random forest
83,0.1,validation,1,0.722488038277512,0.2692307692307692,0.15217391304347827,0.19444444444444445,0.668444918644972,Student Performance,Random forest
167,0.2,train,1,0.9341317365269461,0.825,0.8918918918918919,0.8571428571428571,0.9844074844074844,Student Performance,Random forest
167,0.2,validation,1,0.7751196172248804,0.4838709677419355,0.32608695652173914,0.38961038961038963,0.7179247799413178,Student Performance,Random forest
334,0.4,train,1,0.9461077844311377,0.8414634146341463,0.9324324324324325,0.8846153846153846,0.9876299376299376,Student Performance,Random forest
334,0.4,validation,1,0.784688995215311,0.5128205128205128,0.43478260869565216,0.47058823529411764,0.8010136036276341,Student Performance,Random forest
501,0.6,train,1,0.936127744510978,0.8,0.9454545454545454,0.8666666666666667,0.9855847477330854,Student Performance,Random forest
501,0.6,validation,1,0.7990430622009569,0.5454545454545454,0.5217391304347826,0.5333333333333333,0.8087489997332622,Student Performance,Random forest
668,0.8,train,1,0.9326347305389222,0.7931034482758621,0.9387755102040817,0.8598130841121495,0.982686356692389,Student Performance,Random forest
668,0.8,validation,1,0.7990430622009569,0.5454545454545454,0.5217391304347826,0.5333333333333333,0.8406241664443852,Student Performance,Random forest
835,1.0,train,1,0.9233532934131736,0.7727272727272727,0.9239130434782609,0.8415841584158416,0.9794045949375543,Student Performance,Random forest
835,1.0,validation,1,0.7894736842105263,0.5217391304347826,0.5217391304347826,0.5217391304347826,0.8331555081355028,Student Performance,Random forest
41,0.05,train,2,0.975609756097561,1.0,0.8888888888888888,0.9411764705882353,1.0,Student Performance,Random forest
41,0.05,validation,2,0.7607655502392344,0.35714285714285715,0.10869565217391304,0.16666666666666666,0.6214990664177115,Student Performance,Random forest
83,0.1,train,2,0.927710843373494,0.7727272727272727,0.9444444444444444,0.85,0.9777777777777779,Student Performance,Random forest
83,0.1,validation,2,0.7559808612440191,0.41379310344827586,0.2608695652173913,0.32,0.6968524939983995,Student Performance,Random forest
167,0.2,train,2,0.9700598802395209,0.9444444444444444,0.918918918918919,0.9315068493150684,0.9927234927234927,Student Performance,Random forest
167,0.2,validation,2,0.7655502392344498,0.46511627906976744,0.43478260869565216,0.449438202247191,0.7305948252867432,Student Performance,Random forest
334,0.4,train,2,0.9251497005988024,0.810126582278481,0.8648648648648649,0.8366013071895425,0.983004158004158,Student Performance,Random forest
334,0.4,validation,2,0.7990430622009569,0.5625,0.391304347826087,0.46153846153846156,0.7484662576687117,Student Performance,Random forest
501,0.6,train,2,0.9341317365269461,0.808,0.9181818181818182,0.8595744680851064,0.9803999069983724,Student Performance,Random forest
501,0.6,validation,2,0.7894736842105263,0.5227272727272727,0.5,0.5111111111111111,0.7620698853027474,Student Performance,Random forest
668,0.8,train,2,0.9341317365269461,0.7942857142857143,0.9455782312925171,0.8633540372670807,0.981276195699009,Student Performance,Random forest
668,0.8,validation,2,0.7703349282296651,0.4791666666666667,0.5,0.48936170212765956,0.7584689250466791,Student Performance,Random forest
835,1.0,train,2,0.9293413173652695,0.7729257641921398,0.9619565217391305,0.8571428571428571,0.9803312629399585,Student Performance,Random forest
835,1.0,validation,2,0.784688995215311,0.5094339622641509,0.5869565217391305,0.5454545454545454,0.7734062416644438,Student Performance,Random forest
41,0.05,train,3,1.0,1.0,1.0,1.0,1.0,Student Performance,Random forest
41,0.05,validation,3,0.7799043062200957,0.5,0.15217391304347827,0.23333333333333334,0.5765537476660443,Student Performance,Random forest
83,0.1,train,3,0.9759036144578314,0.9,1.0,0.9473684210526315,1.0,Student Performance,Random forest
83,0.1,validation,3,0.7894736842105263,0.5333333333333333,0.34782608695652173,0.42105263157894735,0.6585756201653774,Student Performance,Random forest
167,0.2,train,3,0.9580838323353293,0.8571428571428571,0.972972972972973,0.9113924050632911,0.9875259875259874,Student Performance,Random forest
167,0.2,validation,3,0.8277511961722488,0.6785714285714286,0.41304347826086957,0.5135135135135135,0.7939450520138704,Student Performance,Random forest
334,0.4,train,3,0.9311377245508982,0.7865168539325843,0.9459459459459459,0.8588957055214724,0.9787941787941788,Student Performance,Random forest
334,0.4,validation,3,0.8564593301435407,0.7222222222222222,0.5652173913043478,0.6341463414634146,0.8535609495865564,Student Performance,Random forest
501,0.6,train,3,0.9241516966067864,0.7727272727272727,0.9272727272727272,0.8429752066115702,0.9771681004417578,Student Performance,Random forest
501,0.6,validation,3,0.8516746411483254,0.6829268292682927,0.6086956521739131,0.6436781609195402,0.8512936783142171,Student Performance,Random forest
668,0.8,train,3,0.9281437125748503,0.7894736842105263,0.9183673469387755,0.8490566037735849,0.9795918367346939,Student Performance,Random forest
668,0.8,validation,3,0.8229665071770335,0.6046511627906976,0.5652173913043478,0.5842696629213483,0.8503600960256069,Student Performance,Random forest
835,1.0,train,3,0.9293413173652695,0.7853881278538812,0.9347826086956522,0.8535980148883374,0.9802978694984306,Student Performance,Random forest
835,1.0,validation,3,0.8086124401913876,0.5576923076923077,0.6304347826086957,0.5918367346938775,0.8534275806881835,Student Performance,Random forest
41,0.05,train,4,0.9512195121951219,0.8888888888888888,0.8888888888888888,0.8888888888888888,0.9895833333333334,Student Performance,Random forest
41,0.05,validation,4,0.7259615384615384,0.28,0.15217391304347827,0.19718309859154928,0.5789049919484702,Student Performance,Random forest
83,0.1,train,4,0.963855421686747,1.0,0.8333333333333334,0.9090909090909091,0.9982905982905983,Student Performance,Random forest
83,0.1,validation,4,0.7884615384615384,0.5454545454545454,0.2608695652173913,0.35294117647058826,0.6796833064949007,Student Performance,Random forest
167,0.2,train,4,0.9760479041916168,0.9230769230769231,0.972972972972973,0.9473684210526315,0.996049896049896,Student Performance,Random forest
167,0.2,validation,4,0.7644230769230769,0.4444444444444444,0.2608695652173913,0.3287671232876712,0.7086688137412775,Student Performance,Random forest
334,0.4,train,4,0.9401197604790419,0.8375,0.9054054054054054,0.8701298701298701,0.9874220374220374,Student Performance,Random forest
334,0.4,validation,4,0.7788461538461539,0.5,0.2826086956521739,0.3611111111111111,0.7532206119162641,Student Performance,Random forest
501,0.6,train,4,0.9421157684630739,0.8188976377952756,0.9454545454545454,0.8776371308016878,0.9849569867472681,Student Performance,Random forest
501,0.6,validation,4,0.7644230769230769,0.4444444444444444,0.2608695652173913,0.3287671232876712,0.7517444981213097,Student Performance,Random forest
668,0.8,train,4,0.9296407185628742,0.7808988764044944,0.9455782312925171,0.8553846153846154,0.9839920613158892,Student Performance,Random forest
668,0.8,validation,4,0.7596153846153846,0.4411764705882353,0.32608695652173914,0.375,0.7504025764895331,Student Performance,Random forest
836,1.0,train,4,0.930622009569378,0.78125,0.9510869565217391,0.8578431372549019,0.9811616431048279,Student Performance,Random forest
836,1.0,validation,4,0.7355769230769231,0.36363636363636365,0.2608695652173913,0.3037974683544304,0.7400697799248523,Student Performance,Random forest
41,0.05,train,0,0.7073170731707317,0.2857142857142857,0.2222222222222222,0.25,0.7430555555555556,Student Performance,Neural network (MLP)
41,0.05,validation,0,0.6411483253588517,0.2698412698412698,0.3695652173913043,0.3119266055045872,0.5134702587356629,Student Performance,Neural network (MLP)
83,0.1,train,0,0.6626506024096386,0.2222222222222222,0.2222222222222222,0.2222222222222222,0.5888888888888889,Student Performance,Neural network (MLP)
83,0.1,validation,0,0.5980861244019139,0.203125,0.2826086956521739,0.23636363636363636,0.49426513736996536,Student Performance,Neural network (MLP)
167,0.2,train,0,0.7784431137724551,0.5,0.05405405405405406,0.0975609756097561,0.575051975051975,Student Performance,Neural network (MLP)
167,0.2,validation,0,0.7751196172248804,0.3333333333333333,0.021739130434782608,0.04081632653061224,0.5020005334755935,Student Performance,Neural network (MLP)
334,0.4,train,0,0.7425149700598802,0.3,0.12162162162162163,0.17307692307692307,0.539033264033264,Student Performance,Neural network (MLP)
334,0.4,validation,0,0.7129186602870813,0.23076923076923078,0.13043478260869565,0.16666666666666666,0.49426513736996536,Student Performance,Neural network (MLP)
501,0.6,train,0,0.7684630738522954,0.36363636363636365,0.07272727272727272,0.12121212121212122,0.5247384329225762,Student Performance,Neural network (MLP)
501,0.6,validation,0,0.7559808612440191,0.3076923076923077,0.08695652173913043,0.13559322033898305,0.5086689783942384,Student Performance,Neural network (MLP)
668,0.8,train,0,0.7799401197604791,0.0,0.0,0.0,0.6046979252353533,Student Performance,Neural network (MLP)
668,0.8,validation,0,0.7894736842105263,1.0,0.043478260869565216,0.08333333333333333,0.6040277407308615,Student Performance,Neural network (MLP)
835,1.0,train,0,0.8143712574850299,0.7735849056603774,0.22282608695652173,0.3459915611814346,0.819291391170774,Student Performance,Neural network (MLP)
835,1.0,validation,0,0.7894736842105263,0.5625,0.1956521739130435,0.2903225806451613,0.7856761803147506,Student Performance,Neural network (MLP)
41,0.05,train,1,0.8292682926829268,0.625,0.5555555555555556,0.5882352941176471,0.6944444444444444,Student Performance,Neural network (MLP)
41,0.05,validation,1,0.5406698564593302,0.20238095238095238,0.3695652173913043,0.26153846153846155,0.46492397972792743,Student Performance,Neural network (MLP)
83,0.1,train,1,0.8313253012048193,0.8333333333333334,0.2777777777777778,0.4166666666666667,0.6777777777777778,Student Performance,Neural network (MLP)
83,0.1,validation,1,0.7607655502392344,0.4090909090909091,0.1956521739130435,0.2647058823529412,0.6196319018404909,Student Performance,Neural network (MLP)
167,0.2,train,1,0.7784431137724551,0.5,0.16216216216216217,0.24489795918367346,0.5521829521829522,Student Performance,Neural network (MLP)
167,0.2,validation,1,0.7655502392344498,0.2857142857142857,0.043478260869565216,0.07547169811320754,0.6238997065884235,Student Performance,Neural network (MLP)
334,0.4,train,1,0.7874251497005988,1.0,0.04054054054054054,0.07792207792207792,0.517983367983368,Student Performance,Neural network (MLP)
334,0.4,validation,1,0.7751196172248804,0.0,0.0,0.0,0.6161643104827954,Student Performance,Neural network (MLP)
501,0.6,train,1,0.7904191616766467,1.0,0.045454545454545456,0.08695652173913043,0.5671239246686818,Student Performance,Neural network (MLP)
501,0.6,validation,1,0.7751196172248804,0.0,0.0,0.0,0.6540410776206989,Student Performance,Neural network (MLP)
668,0.8,train,1,0.7859281437125748,0.8333333333333334,0.034013605442176874,0.06535947712418301,0.5437868045490749,Student Performance,Neural network (MLP)
668,0.8,validation,1,0.784688995215311,0.6666666666666666,0.043478260869565216,0.08163265306122448,0.6563083488930382,Student Performance,Neural network (MLP)
835,1.0,train,1,0.8119760479041916,0.813953488372093,0.19021739130434784,0.30837004405286345,0.7883774126761504,Student Performance,Neural network (MLP)
835,1.0,validation,1,0.7799043062200957,0.5,0.17391304347826086,0.25806451612903225,0.7520672179247799,Student Performance,Neural network (MLP)
41,0.05,train,2,0.8536585365853658,0.8,0.4444444444444444,0.5714285714285714,0.9097222222222222,Student Performance,Neural network (MLP)
41,0.05,validation,2,0.7272727272727273,0.28,0.15217391304347827,0.19718309859154928,0.4989330488130168,Student Performance,Neural network (MLP)
83,0.1,train,2,0.8072289156626506,0.625,0.2777777777777778,0.38461538461538464,0.6897435897435897,Student Performance,Neural network (MLP)
83,0.1,validation,2,0.7272727272727273,0.28,0.15217391304347827,0.19718309859154928,0.4686583088823687,Student Performance,Neural network (MLP)
167,0.2,train,2,0.7844311377245509,0.5384615384615384,0.1891891891891892,0.28,0.6004158004158004,Student Performance,Neural network (MLP)
167,0.2,validation,2,0.7655502392344498,0.4,0.13043478260869565,0.19672131147540983,0.4786609762603361,Student Performance,Neural network (MLP)
334,0.4,train,2,0.7425149700598802,0.34210526315789475,0.17567567567567569,0.23214285714285715,0.54002079002079,Student Performance,Neural network (MLP)
334,0.4,validation,2,0.7272727272727273,0.2608695652173913,0.13043478260869565,0.17391304347826086,0.4594558548946386,Student Performance,Neural network (MLP)
501,0.6,train,2,0.7864271457085829,1.0,0.02727272727272727,0.05309734513274336,0.595559172285515,Student Performance,Neural network (MLP)
501,0.6,validation,2,0.784688995215311,1.0,0.021739130434782608,0.0425531914893617,0.4981328354227794,Student Performance,Neural network (MLP)
668,0.8,train,2,0.7874251497005988,0.8571428571428571,0.04081632653061224,0.07792207792207792,0.5689869037826263,Student Performance,Neural network (MLP)
668,0.8,validation,2,0.7799043062200957,0.5,0.021739130434782608,0.041666666666666664,0.4983995732195252,Student Performance,Neural network (MLP)
835,1.0,train,2,0.8335329341317366,0.7272727272727273,0.391304347826087,0.508833922261484,0.8734138115274159,Student Performance,Neural network (MLP)
835,1.0,validation,2,0.8181818181818182,0.7,0.30434782608695654,0.42424242424242425,0.7460656174979995,Student Performance,Neural network (MLP)
41,0.05,train,3,0.8048780487804879,1.0,0.1111111111111111,0.2,0.7118055555555556,Student Performance,Neural network (MLP)
41,0.05,validation,3,0.7464114832535885,0.1111111111111111,0.021739130434782608,0.03636363636363636,0.4793278207522006,Student Performance,Neural network (MLP)
83,0.1,train,3,0.7228915662650602,0.4,0.5555555555555556,0.46511627906976744,0.7367521367521368,Student Performance,Neural network (MLP)
83,0.1,validation,3,0.6028708133971292,0.2597402597402597,0.43478260869565216,0.3252032520325203,0.5672179247799413,Student Performance,Neural network (MLP)
167,0.2,train,3,0.7544910179640718,0.4090909090909091,0.24324324324324326,0.3050847457627119,0.6130977130977132,Student Performance,Neural network (MLP)
167,0.2,validation,3,0.6985645933014354,0.2926829268292683,0.2608695652173913,0.27586206896551724,0.5416110962923446,Student Performance,Neural network (MLP)
334,0.4,train,3,0.7874251497005988,1.0,0.04054054054054054,0.07792207792207792,0.694022869022869,Student Performance,Neural network (MLP)
334,0.4,validation,3,0.7799043062200957,0.0,0.0,0.0,0.6492397972792745,Student Performance,Neural network (MLP)
501,0.6,train,3,0.7664670658682635,0.3939393939393939,0.11818181818181818,0.18181818181818182,0.5366193908393397,Student Performance,Neural network (MLP)
501,0.6,validation,3,0.7511961722488039,0.3333333333333333,0.13043478260869565,0.1875,0.5514803947719392,Student Performance,Neural network (MLP)
668,0.8,train,3,0.7859281437125748,0.75,0.04081632653061224,0.07741935483870968,0.5565435387206706,Student Performance,Neural network (MLP)
668,0.8,validation,3,0.7799043062200957,0.0,0.0,0.0,0.6014937316617764,Student Performance,Neural network (MLP)
835,1.0,train,3,0.8275449101796407,0.7777777777777778,0.30434782608695654,0.4375,0.8708174714486074,Student Performance,Neural network (MLP)
835,1.0,validation,3,0.8086124401913876,0.65,0.2826086956521739,0.3939393939393939,0.8172846092291278,Student Performance,Neural network (MLP)
41,0.05,train,4,0.5853658536585366,0.3181818181818182,0.7777777777777778,0.45161290322580644,0.6875,Student Performance,Neural network (MLP)
41,0.05,validation,4,0.3942307692307692,0.15517241379310345,0.391304347826087,0.2222222222222222,0.3695652173913043,Student Performance,Neural network (MLP)
83,0.1,train,4,0.7831325301204819,0.0,0.0,0.0,0.7051282051282051,Student Performance,Neural network (MLP)
83,0.1,validation,4,0.7548076923076923,0.14285714285714285,0.021739130434782608,0.03773584905660377,0.4106280193236715,Student Performance,Neural network (MLP)
167,0.2,train,4,0.6586826347305389,0.2826086956521739,0.35135135135135137,0.3132530120481928,0.6141372141372141,Student Performance,Neural network (MLP)
167,0.2,validation,4,0.6634615384615384,0.25,0.2608695652173913,0.2553191489361702,0.46108427267847557,Student Performance,Neural network (MLP)
334,0.4,train,4,0.781437125748503,0.6,0.04054054054054054,0.0759493670886076,0.5464656964656964,Student Performance,Neural network (MLP)
334,0.4,validation,4,0.7932692307692307,0.8,0.08695652173913043,0.1568627450980392,0.44994632313472893,Student Performance,Neural network (MLP)
501,0.6,train,4,0.8223552894211577,0.8181818181818182,0.24545454545454545,0.3776223776223776,0.8453150430132528,Student Performance,Neural network (MLP)
501,0.6,validation,4,0.7980769230769231,0.8333333333333334,0.10869565217391304,0.19230769230769232,0.7094739667203436,Student Performance,Neural network (MLP)
668,0.8,train,4,0.7859281437125748,0.625,0.06802721088435375,0.12269938650306748,0.5546894381553005,Student Performance,Neural network (MLP)
668,0.8,validation,4,0.7836538461538461,0.6666666666666666,0.043478260869565216,0.08163265306122448,0.4402844873859367,Student Performance,Neural network (MLP)
836,1.0,train,4,0.8301435406698564,0.7625,0.33152173913043476,0.4621212121212121,0.8736413043478262,Student Performance,Neural network (MLP)
836,1.0,validation,4,0.7980769230769231,0.6428571428571429,0.1956521739130435,0.3,0.6910896403650028,Student Performance,Neural network (MLP)
